-- MySQL dump 10.13  Distrib 8.0.27, for Win64 (x86_64)
--
-- Host: localhost    Database: dbbeautysalon_2
-- ------------------------------------------------------
-- Server version	8.0.27

/*!40101 SET @OLD_CHARACTER_SET_CLIENT=@@CHARACTER_SET_CLIENT */;
/*!40101 SET @OLD_CHARACTER_SET_RESULTS=@@CHARACTER_SET_RESULTS */;
/*!40101 SET @OLD_COLLATION_CONNECTION=@@COLLATION_CONNECTION */;
/*!50503 SET NAMES utf8 */;
/*!40103 SET @OLD_TIME_ZONE=@@TIME_ZONE */;
/*!40103 SET TIME_ZONE='+00:00' */;
/*!40014 SET @OLD_UNIQUE_CHECKS=@@UNIQUE_CHECKS, UNIQUE_CHECKS=0 */;
/*!40014 SET @OLD_FOREIGN_KEY_CHECKS=@@FOREIGN_KEY_CHECKS, FOREIGN_KEY_CHECKS=0 */;
/*!40101 SET @OLD_SQL_MODE=@@SQL_MODE, SQL_MODE='NO_AUTO_VALUE_ON_ZERO' */;
/*!40111 SET @OLD_SQL_NOTES=@@SQL_NOTES, SQL_NOTES=0 */;

--
-- Table structure for table `calendar`
--

DROP TABLE IF EXISTS `calendar`;
/*!40101 SET @saved_cs_client     = @@character_set_client */;
/*!50503 SET character_set_client = utf8mb4 */;
CREATE TABLE `calendar` (
  `id` int NOT NULL AUTO_INCREMENT,
  `dayId` int DEFAULT NULL,
  `dayName` varchar(20) DEFAULT NULL,
  `timeName` time DEFAULT NULL,
  PRIMARY KEY (`id`)
) ENGINE=InnoDB AUTO_INCREMENT=155 DEFAULT CHARSET=utf8mb4 COLLATE=utf8mb4_0900_ai_ci;
/*!40101 SET character_set_client = @saved_cs_client */;

--
-- Dumping data for table `calendar`
--

LOCK TABLES `calendar` WRITE;
/*!40000 ALTER TABLE `calendar` DISABLE KEYS */;
INSERT INTO `calendar` VALUES (1,1,'Пн','10:00:00'),(2,1,'Пн','10:30:00'),(3,1,'Пн','11:00:00'),(4,1,'Пн','11:30:00'),(5,1,'Пн','12:00:00'),(6,1,'Пн','12:30:00'),(7,1,'Пн','13:00:00'),(8,1,'Пн','13:30:00'),(9,1,'Пн','14:00:00'),(10,1,'Пн','14:30:00'),(11,1,'Пн','15:00:00'),(12,1,'Пн','15:30:00'),(13,1,'Пн','16:00:00'),(14,1,'Пн','16:30:00'),(15,1,'Пн','17:00:00'),(16,1,'Пн','17:30:00'),(17,1,'Пн','18:00:00'),(18,1,'Пн','18:30:00'),(19,1,'Пн','19:00:00'),(20,1,'Пн','19:30:00'),(21,1,'Пн','20:00:00'),(22,1,'Пн','20:30:00'),(23,2,'Вт','10:00:00'),(24,2,'Вт','10:30:00'),(25,2,'Вт','11:00:00'),(26,2,'Вт','11:30:00'),(27,2,'Вт','12:00:00'),(28,2,'Вт','12:30:00'),(29,2,'Вт','13:00:00'),(30,2,'Вт','13:30:00'),(31,2,'Вт','14:00:00'),(32,2,'Вт','14:30:00'),(33,2,'Вт','15:00:00'),(34,2,'Вт','15:30:00'),(35,2,'Вт','16:00:00'),(36,2,'Вт','16:30:00'),(37,2,'Вт','17:00:00'),(38,2,'Вт','17:30:00'),(39,2,'Вт','18:00:00'),(40,2,'Вт','18:30:00'),(41,2,'Вт','19:00:00'),(42,2,'Вт','19:30:00'),(43,2,'Вт','20:00:00'),(44,2,'Вт','20:30:00'),(45,3,'Ср','10:00:00'),(46,3,'Ср','10:30:00'),(47,3,'Ср','11:00:00'),(48,3,'Ср','11:30:00'),(49,3,'Ср','12:00:00'),(50,3,'Ср','12:30:00'),(51,3,'Ср','13:00:00'),(52,3,'Ср','13:30:00'),(53,3,'Ср','14:00:00'),(54,3,'Ср','14:30:00'),(55,3,'Ср','15:00:00'),(56,3,'Ср','15:30:00'),(57,3,'Ср','16:00:00'),(58,3,'Ср','16:30:00'),(59,3,'Ср','17:00:00'),(60,3,'Ср','17:30:00'),(61,3,'Ср','18:00:00'),(62,3,'Ср','18:30:00'),(63,3,'Ср','19:00:00'),(64,3,'Ср','19:30:00'),(65,3,'Ср','20:00:00'),(66,3,'Ср','20:30:00'),(67,4,'Чт','10:00:00'),(68,4,'Чт','10:30:00'),(69,4,'Чт','11:00:00'),(70,4,'Чт','11:30:00'),(71,4,'Чт','12:00:00'),(72,4,'Чт','12:30:00'),(73,4,'Чт','13:00:00'),(74,4,'Чт','13:30:00'),(75,4,'Чт','14:00:00'),(76,4,'Чт','14:30:00'),(77,4,'Чт','15:00:00'),(78,4,'Чт','15:30:00'),(79,4,'Чт','16:00:00'),(80,4,'Чт','16:30:00'),(81,4,'Чт','17:00:00'),(82,4,'Чт','17:30:00'),(83,4,'Чт','18:00:00'),(84,4,'Чт','18:30:00'),(85,4,'Чт','19:00:00'),(86,4,'Чт','19:30:00'),(87,4,'Чт','20:00:00'),(88,4,'Чт','20:30:00'),(89,5,'Пт','10:00:00'),(90,5,'Пт','10:30:00'),(91,5,'Пт','11:00:00'),(92,5,'Пт','11:30:00'),(93,5,'Пт','12:00:00'),(94,5,'Пт','12:30:00'),(95,5,'Пт','13:00:00'),(96,5,'Пт','13:30:00'),(97,5,'Пт','14:00:00'),(98,5,'Пт','14:30:00'),(99,5,'Пт','15:00:00'),(100,5,'Пт','15:30:00'),(101,5,'Пт','16:00:00'),(102,5,'Пт','16:30:00'),(103,5,'Пт','17:00:00'),(104,5,'Пт','17:30:00'),(105,5,'Пт','18:00:00'),(106,5,'Пт','18:30:00'),(107,5,'Пт','19:00:00'),(108,5,'Пт','19:30:00'),(109,5,'Пт','20:00:00'),(110,5,'Пт','20:30:00'),(111,6,'Сб','10:00:00'),(112,6,'Сб','10:30:00'),(113,6,'Сб','11:00:00'),(114,6,'Сб','11:30:00'),(115,6,'Сб','12:00:00'),(116,6,'Сб','12:30:00'),(117,6,'Сб','13:00:00'),(118,6,'Сб','13:30:00'),(119,6,'Сб','14:00:00'),(120,6,'Сб','14:30:00'),(121,6,'Сб','15:00:00'),(122,6,'Сб','15:30:00'),(123,6,'Сб','16:00:00'),(124,6,'Сб','16:30:00'),(125,6,'Сб','17:00:00'),(126,6,'Сб','17:30:00'),(127,6,'Сб','18:00:00'),(128,6,'Сб','18:30:00'),(129,6,'Сб','19:00:00'),(130,6,'Сб','19:30:00'),(131,6,'Сб','20:00:00'),(132,6,'Сб','20:30:00'),(133,7,'Вск','10:00:00'),(134,7,'Вск','10:30:00'),(135,7,'Вск','11:00:00'),(136,7,'Вск','11:30:00'),(137,7,'Вск','12:00:00'),(138,7,'Вск','12:30:00'),(139,7,'Вск','13:00:00'),(140,7,'Вск','13:30:00'),(141,7,'Вск','14:00:00'),(142,7,'Вск','14:30:00'),(143,7,'Вск','15:00:00'),(144,7,'Вск','15:30:00'),(145,7,'Вск','16:00:00'),(146,7,'Вск','16:30:00'),(147,7,'Вск','17:00:00'),(148,7,'Вск','17:30:00'),(149,7,'Вск','18:00:00'),(150,7,'Вск','18:30:00'),(151,7,'Вск','19:00:00'),(152,7,'Вск','19:30:00'),(153,7,'Вск','20:00:00'),(154,7,'Вск','20:30:00');
/*!40000 ALTER TABLE `calendar` ENABLE KEYS */;
UNLOCK TABLES;

--
-- Table structure for table `master`
--

DROP TABLE IF EXISTS `master`;
/*!40101 SET @saved_cs_client     = @@character_set_client */;
/*!50503 SET character_set_client = utf8mb4 */;
CREATE TABLE `master` (
  `id` int NOT NULL AUTO_INCREMENT,
  `lastname` varchar(20) DEFAULT NULL,
  `firstname` varchar(20) DEFAULT NULL,
  `profession` varchar(20) DEFAULT NULL,
  `isTop` tinyint(1) DEFAULT NULL,
  `rating` double DEFAULT NULL,
  `countClient` int DEFAULT NULL,
  PRIMARY KEY (`id`)
) ENGINE=InnoDB AUTO_INCREMENT=15 DEFAULT CHARSET=utf8mb4 COLLATE=utf8mb4_0900_ai_ci;
/*!40101 SET character_set_client = @saved_cs_client */;

--
-- Dumping data for table `master`
--

LOCK TABLES `master` WRITE;
/*!40000 ALTER TABLE `master` DISABLE KEYS */;
INSERT INTO `master` VALUES (1,'Иванова','Ксения','ногтевой сервис',1,4.9,57),(2,'Абрамова','Оксана','ногтевой сервис',0,4.3,33),(3,'Михайлова','Елена','ногтевой сервис',0,4.7,24),(4,'Ямщикова','Марина','ногтевой сервис',0,4.1,46),(5,'Зубриллина','Карина','ресницы',1,4.8,25),(6,'Дронова','Ангелина','ресницы',0,4.54,17),(7,'Степанова','Ольга','визажист',1,4.86,43),(8,'Кузнецова','Света','визажист',0,4.37,27),(9,'Васильева','Кристина','массажист',1,4.8,38),(10,'Егорова','Ксения','массажист',0,4.42,23),(11,'Козлова','Дарья','массажист',0,4.77,49),(12,'Павлова','Полина','парикмахер',1,4.91,71),(13,'Новикова','Марина','парикмахер',0,4.59,47),(14,'Федорова','Татьяна','парикмахер',0,4.4,39);
/*!40000 ALTER TABLE `master` ENABLE KEYS */;
UNLOCK TABLES;

--
-- Table structure for table `master_service`
--

DROP TABLE IF EXISTS `master_service`;
/*!40101 SET @saved_cs_client     = @@character_set_client */;
/*!50503 SET character_set_client = utf8mb4 */;
CREATE TABLE `master_service` (
  `id` int NOT NULL AUTO_INCREMENT,
  `masterId` int DEFAULT NULL,
  `serviceId` int DEFAULT NULL,
  PRIMARY KEY (`id`),
  KEY `masterId` (`masterId`),
  KEY `serviceId` (`serviceId`),
  CONSTRAINT `master_service_ibfk_1` FOREIGN KEY (`masterId`) REFERENCES `master` (`id`),
  CONSTRAINT `master_service_ibfk_2` FOREIGN KEY (`serviceId`) REFERENCES `service` (`id`)
) ENGINE=InnoDB AUTO_INCREMENT=64 DEFAULT CHARSET=utf8mb4 COLLATE=utf8mb4_0900_ai_ci;
/*!40101 SET character_set_client = @saved_cs_client */;

--
-- Dumping data for table `master_service`
--

LOCK TABLES `master_service` WRITE;
/*!40000 ALTER TABLE `master_service` DISABLE KEYS */;
INSERT INTO `master_service` VALUES (1,1,8),(2,1,9),(3,1,10),(4,1,11),(5,1,12),(6,1,13),(7,2,8),(8,2,9),(9,2,10),(10,2,11),(11,2,12),(12,2,13),(13,3,8),(14,3,9),(15,3,10),(16,3,11),(17,3,12),(18,3,13),(19,4,8),(20,4,9),(21,4,10),(22,4,11),(23,4,12),(24,4,13),(25,5,20),(26,6,20),(27,7,14),(28,7,15),(29,8,14),(30,8,15),(31,9,16),(32,9,17),(33,9,18),(34,9,19),(35,10,16),(36,10,17),(37,10,18),(38,10,19),(39,11,16),(40,11,17),(41,11,18),(42,11,19),(43,12,1),(44,12,2),(45,12,3),(46,12,4),(47,12,5),(48,12,6),(49,12,7),(50,13,1),(51,13,2),(52,13,3),(53,13,4),(54,13,5),(55,13,6),(56,13,7),(57,14,1),(58,14,2),(59,14,3),(60,14,4),(61,14,5),(62,14,6),(63,14,7);
/*!40000 ALTER TABLE `master_service` ENABLE KEYS */;
UNLOCK TABLES;

--
-- Table structure for table `master_working_day`
--

DROP TABLE IF EXISTS `master_working_day`;
/*!40101 SET @saved_cs_client     = @@character_set_client */;
/*!50503 SET character_set_client = utf8mb4 */;
CREATE TABLE `master_working_day` (
  `id` int NOT NULL AUTO_INCREMENT,
  `masterId` int DEFAULT NULL,
  `workingDay` date DEFAULT NULL,
  PRIMARY KEY (`id`),
  UNIQUE KEY `masterId` (`masterId`,`workingDay`),
  CONSTRAINT `master_working_day_ibfk_1` FOREIGN KEY (`masterId`) REFERENCES `master` (`id`)
) ENGINE=InnoDB AUTO_INCREMENT=239 DEFAULT CHARSET=utf8mb4 COLLATE=utf8mb4_0900_ai_ci;
/*!40101 SET character_set_client = @saved_cs_client */;

--
-- Dumping data for table `master_working_day`
--

LOCK TABLES `master_working_day` WRITE;
/*!40000 ALTER TABLE `master_working_day` DISABLE KEYS */;
INSERT INTO `master_working_day` VALUES (1,1,'2021-12-06'),(2,1,'2021-12-07'),(3,1,'2021-12-08'),(4,1,'2021-12-09'),(5,1,'2021-12-10'),(6,1,'2021-12-13'),(7,1,'2021-12-14'),(8,1,'2021-12-15'),(9,1,'2021-12-16'),(10,1,'2021-12-17'),(11,1,'2021-12-20'),(12,1,'2021-12-21'),(13,1,'2021-12-22'),(14,1,'2021-12-23'),(15,1,'2021-12-24'),(16,1,'2021-12-27'),(17,1,'2021-12-28'),(18,1,'2021-12-29'),(19,1,'2021-12-30'),(20,1,'2021-12-31'),(21,2,'2021-12-06'),(22,2,'2021-12-07'),(23,2,'2021-12-08'),(24,2,'2021-12-09'),(25,2,'2021-12-10'),(26,2,'2021-12-13'),(27,2,'2021-12-14'),(28,2,'2021-12-15'),(29,2,'2021-12-16'),(30,2,'2021-12-17'),(31,2,'2021-12-20'),(32,2,'2021-12-21'),(33,2,'2021-12-22'),(34,2,'2021-12-23'),(35,2,'2021-12-24'),(36,2,'2021-12-27'),(37,2,'2021-12-28'),(38,2,'2021-12-29'),(39,2,'2021-12-30'),(40,2,'2021-12-31'),(41,3,'2021-12-06'),(42,3,'2021-12-07'),(43,3,'2021-12-08'),(44,3,'2021-12-09'),(45,3,'2021-12-10'),(46,3,'2021-12-13'),(47,3,'2021-12-14'),(48,3,'2021-12-15'),(49,3,'2021-12-16'),(50,3,'2021-12-17'),(51,3,'2021-12-20'),(52,3,'2021-12-21'),(53,3,'2021-12-22'),(54,3,'2021-12-23'),(55,3,'2021-12-24'),(56,3,'2021-12-27'),(57,3,'2021-12-28'),(58,3,'2021-12-29'),(59,3,'2021-12-30'),(60,3,'2021-12-31'),(61,4,'2021-12-06'),(62,4,'2021-12-07'),(63,4,'2021-12-08'),(64,4,'2021-12-09'),(65,4,'2021-12-10'),(66,4,'2021-12-13'),(67,4,'2021-12-14'),(68,4,'2021-12-15'),(69,4,'2021-12-16'),(70,4,'2021-12-17'),(71,4,'2021-12-20'),(72,4,'2021-12-21'),(73,4,'2021-12-22'),(74,4,'2021-12-23'),(75,4,'2021-12-24'),(76,4,'2021-12-27'),(77,4,'2021-12-28'),(78,4,'2021-12-29'),(79,4,'2021-12-30'),(80,4,'2021-12-31'),(81,5,'2021-12-06'),(82,5,'2021-12-07'),(83,5,'2021-12-08'),(84,5,'2021-12-09'),(85,5,'2021-12-10'),(86,5,'2021-12-13'),(87,5,'2021-12-14'),(88,5,'2021-12-15'),(89,5,'2021-12-16'),(90,5,'2021-12-17'),(91,5,'2021-12-20'),(92,5,'2021-12-21'),(93,5,'2021-12-22'),(94,5,'2021-12-23'),(95,5,'2021-12-24'),(96,5,'2021-12-27'),(97,5,'2021-12-28'),(98,5,'2021-12-29'),(99,5,'2021-12-30'),(100,5,'2021-12-31'),(101,6,'2021-12-06'),(102,6,'2021-12-07'),(103,6,'2021-12-08'),(104,6,'2021-12-09'),(105,6,'2021-12-10'),(106,6,'2021-12-13'),(107,6,'2021-12-14'),(108,6,'2021-12-15'),(109,6,'2021-12-16'),(110,6,'2021-12-17'),(111,6,'2021-12-20'),(112,6,'2021-12-21'),(113,6,'2021-12-22'),(114,6,'2021-12-23'),(115,6,'2021-12-24'),(116,6,'2021-12-27'),(117,6,'2021-12-28'),(118,6,'2021-12-29'),(119,6,'2021-12-30'),(120,6,'2021-12-31'),(121,7,'2021-12-06'),(122,7,'2021-12-07'),(123,7,'2021-12-08'),(124,7,'2021-12-09'),(125,7,'2021-12-10'),(126,7,'2021-12-13'),(127,7,'2021-12-14'),(128,7,'2021-12-15'),(129,7,'2021-12-16'),(130,7,'2021-12-17'),(131,7,'2021-12-20'),(132,7,'2021-12-21'),(133,7,'2021-12-22'),(134,7,'2021-12-23'),(135,7,'2021-12-24'),(136,7,'2021-12-27'),(137,7,'2021-12-28'),(138,7,'2021-12-29'),(139,7,'2021-12-30'),(140,7,'2021-12-31'),(141,8,'2021-12-06'),(142,8,'2021-12-07'),(143,8,'2021-12-10'),(144,8,'2021-12-11'),(145,8,'2021-12-14'),(146,8,'2021-12-15'),(147,8,'2021-12-18'),(148,8,'2021-12-19'),(149,8,'2021-12-22'),(150,8,'2021-12-23'),(151,8,'2021-12-26'),(152,8,'2021-12-27'),(153,8,'2021-12-30'),(154,8,'2021-12-31'),(155,9,'2021-12-06'),(156,9,'2021-12-07'),(157,9,'2021-12-10'),(158,9,'2021-12-11'),(159,9,'2021-12-14'),(160,9,'2021-12-15'),(161,9,'2021-12-18'),(162,9,'2021-12-19'),(163,9,'2021-12-22'),(164,9,'2021-12-23'),(165,9,'2021-12-26'),(166,9,'2021-12-27'),(167,9,'2021-12-30'),(168,9,'2021-12-31'),(169,10,'2021-12-06'),(170,10,'2021-12-07'),(171,10,'2021-12-10'),(172,10,'2021-12-11'),(173,10,'2021-12-14'),(174,10,'2021-12-15'),(175,10,'2021-12-18'),(176,10,'2021-12-19'),(177,10,'2021-12-22'),(178,10,'2021-12-23'),(179,10,'2021-12-26'),(180,10,'2021-12-27'),(181,10,'2021-12-30'),(182,10,'2021-12-31'),(183,11,'2021-12-06'),(184,11,'2021-12-07'),(185,11,'2021-12-10'),(186,11,'2021-12-11'),(187,11,'2021-12-14'),(188,11,'2021-12-15'),(189,11,'2021-12-18'),(190,11,'2021-12-19'),(191,11,'2021-12-22'),(192,11,'2021-12-23'),(193,11,'2021-12-26'),(194,11,'2021-12-27'),(195,11,'2021-12-30'),(196,11,'2021-12-31'),(197,12,'2021-12-06'),(198,12,'2021-12-07'),(199,12,'2021-12-10'),(200,12,'2021-12-11'),(201,12,'2021-12-14'),(202,12,'2021-12-15'),(203,12,'2021-12-18'),(204,12,'2021-12-19'),(205,12,'2021-12-22'),(206,12,'2021-12-23'),(207,12,'2021-12-26'),(208,12,'2021-12-27'),(209,12,'2021-12-30'),(210,12,'2021-12-31'),(211,13,'2021-12-06'),(212,13,'2021-12-07'),(213,13,'2021-12-10'),(214,13,'2021-12-11'),(215,13,'2021-12-14'),(216,13,'2021-12-15'),(217,13,'2021-12-18'),(218,13,'2021-12-19'),(219,13,'2021-12-22'),(220,13,'2021-12-23'),(221,13,'2021-12-26'),(222,13,'2021-12-27'),(223,13,'2021-12-30'),(224,13,'2021-12-31'),(225,14,'2021-12-06'),(226,14,'2021-12-07'),(227,14,'2021-12-10'),(228,14,'2021-12-11'),(229,14,'2021-12-14'),(230,14,'2021-12-15'),(231,14,'2021-12-18'),(232,14,'2021-12-19'),(233,14,'2021-12-22'),(234,14,'2021-12-23'),(235,14,'2021-12-26'),(236,14,'2021-12-27'),(237,14,'2021-12-30'),(238,14,'2021-12-31');
/*!40000 ALTER TABLE `master_working_day` ENABLE KEYS */;
UNLOCK TABLES;

--
-- Table structure for table `record`
--

DROP TABLE IF EXISTS `record`;
/*!40101 SET @saved_cs_client     = @@character_set_client */;
/*!50503 SET character_set_client = utf8mb4 */;
CREATE TABLE `record` (
  `id` int NOT NULL AUTO_INCREMENT,
  `clientId` int DEFAULT NULL,
  `masterId` int DEFAULT NULL,
  `serviceId` int DEFAULT NULL,
  `dateRecord` date DEFAULT NULL,
  `timeStart` time DEFAULT NULL,
  `timeEnd` time DEFAULT NULL,
  PRIMARY KEY (`id`),
  KEY `masterId` (`masterId`),
  KEY `serviceId` (`serviceId`),
  CONSTRAINT `record_ibfk_1` FOREIGN KEY (`masterId`) REFERENCES `master` (`id`),
  CONSTRAINT `record_ibfk_2` FOREIGN KEY (`serviceId`) REFERENCES `service` (`id`)
) ENGINE=InnoDB AUTO_INCREMENT=49 DEFAULT CHARSET=utf8mb4 COLLATE=utf8mb4_0900_ai_ci;
/*!40101 SET character_set_client = @saved_cs_client */;

--
-- Dumping data for table `record`
--

LOCK TABLES `record` WRITE;
/*!40000 ALTER TABLE `record` DISABLE KEYS */;
INSERT INTO `record` VALUES (1,111111,1,9,'2021-12-01','10:00:00','12:00:00'),(2,111112,1,13,'2021-12-01','12:30:00','15:00:00'),(3,111113,1,10,'2021-12-01','16:00:00','18:00:00'),(4,111114,1,12,'2021-12-01','18:30:00','20:30:00'),(5,111121,1,9,'2021-12-02','10:30:00','12:30:00'),(6,111122,1,13,'2021-12-02','12:30:00','15:00:00'),(7,111123,1,10,'2021-12-02','16:00:00','18:00:00'),(8,111124,1,12,'2021-12-02','19:00:00','21:00:00'),(9,111131,1,9,'2021-12-03','10:00:00','12:00:00'),(10,111132,1,13,'2021-12-03','12:00:00','14:30:00'),(11,111133,1,10,'2021-12-03','15:30:00','17:30:00'),(12,111134,1,12,'2021-12-03','18:30:00','20:30:00'),(13,111151,2,9,'2021-12-01','10:30:00','12:30:00'),(14,111162,2,13,'2021-12-01','13:00:00','15:30:00'),(15,111123,2,10,'2021-12-01','16:30:00','18:30:00'),(16,111154,2,12,'2021-12-01','19:00:00','21:00:00'),(17,111161,2,9,'2021-12-02','10:00:00','12:00:00'),(18,111152,2,13,'2021-12-02','12:00:00','14:30:00'),(19,111143,2,10,'2021-12-02','15:30:00','17:30:00'),(20,111151,2,12,'2021-12-02','18:30:00','20:30:00'),(21,111141,2,9,'2021-12-03','10:00:00','12:00:00'),(22,111142,2,13,'2021-12-03','12:30:00','15:00:00'),(23,111153,2,10,'2021-12-03','16:00:00','18:00:00'),(24,111162,2,12,'2021-12-03','18:30:00','20:30:00'),(25,111171,3,9,'2021-12-01','10:30:00','12:30:00'),(26,111172,3,13,'2021-12-01','13:00:00','15:30:00'),(27,111173,3,10,'2021-12-01','16:30:00','18:30:00'),(28,111174,3,12,'2021-12-01','19:00:00','21:00:00'),(29,111181,3,9,'2021-12-02','10:00:00','12:00:00'),(30,111182,3,13,'2021-12-02','12:00:00','14:30:00'),(31,111183,3,10,'2021-12-02','15:30:00','17:30:00'),(32,111184,3,12,'2021-12-02','18:30:00','20:30:00'),(33,111191,3,9,'2021-12-03','10:00:00','12:00:00'),(34,111192,3,13,'2021-12-03','12:30:00','15:00:00'),(35,111193,3,10,'2021-12-03','16:00:00','18:00:00'),(36,111194,3,12,'2021-12-03','18:30:00','20:30:00'),(37,111114,4,9,'2021-12-01','10:30:00','12:30:00'),(38,111172,4,13,'2021-12-01','13:00:00','15:30:00'),(39,111122,4,10,'2021-12-01','16:00:00','17:30:00'),(40,111113,4,12,'2021-12-01','18:30:00','20:30:00'),(41,111144,4,9,'2021-12-02','10:00:00','12:00:00'),(42,111174,4,13,'2021-12-02','12:30:00','15:00:00'),(43,111131,4,10,'2021-12-02','16:30:00','18:30:00'),(44,111112,4,12,'2021-12-02','18:30:00','20:30:00'),(45,111163,4,9,'2021-12-03','10:00:00','12:00:00'),(46,111173,4,13,'2021-12-03','12:30:00','15:00:00'),(47,111111,4,10,'2021-12-03','15:30:00','17:30:00'),(48,111121,4,12,'2021-12-03','18:30:00','20:30:00');
/*!40000 ALTER TABLE `record` ENABLE KEYS */;
UNLOCK TABLES;

--
-- Table structure for table `service`
--

DROP TABLE IF EXISTS `service`;
/*!40101 SET @saved_cs_client     = @@character_set_client */;
/*!50503 SET character_set_client = utf8mb4 */;
CREATE TABLE `service` (
  `id` int NOT NULL AUTO_INCREMENT,
  `serviceName` varchar(100) DEFAULT NULL,
  `serviceTime` time DEFAULT NULL,
  `priceTop` int DEFAULT NULL,
  `price` int DEFAULT NULL,
  PRIMARY KEY (`id`)
) ENGINE=InnoDB AUTO_INCREMENT=21 DEFAULT CHARSET=utf8mb4 COLLATE=utf8mb4_0900_ai_ci;
/*!40101 SET character_set_client = @saved_cs_client */;

--
-- Dumping data for table `service`
--

LOCK TABLES `service` WRITE;
/*!40000 ALTER TABLE `service` DISABLE KEYS */;
INSERT INTO `service` VALUES (1,'Стрижка обычная','00:30:00',1000,600),(2,'Стрижка обычная комплексная (мытье головы, укладка)','01:00:00',1200,800),(3,'Стрижка модельная','01:00:00',1500,1000),(4,'Стрижка модельная комплексная (мытье головы, укладка)','01:30:00',1800,1200),(5,'Окрашивание обычное','01:30:00',2000,1200),(6,'Окрашивание сложное','02:30:00',3500,2000),(7,'Уход для волос','01:30:00',2000,1500),(8,'Маникюр (однотонное покрытие)','01:30:00',1200,1000),(9,'Маникюр + дизайн/стразы/блестки','02:00:00',1800,1500),(10,'SPA Маникюр (однотонное покрытие + уход + массаж)','02:00:00',1900,1600),(11,'Педикюр классический','01:30:00',1200,1000),(12,'Педикюр комплексный (обработка стоп)','02:00:00',1800,1500),(13,'SPA Педикюр (комплексный + уход + массаж)','02:30:00',2200,1800),(14,'Макияж обычный','01:00:00',1000,800),(15,'Макияж праздничный/вечерний','01:30:00',1300,1100),(16,'Массаж лица','00:30:00',1000,800),(17,'Массаж тела','01:30:00',2000,1800),(18,'Массаж спины','01:00:00',1300,1000),(19,'Массаж головы','00:30:00',1000,800),(20,'Наращивание ресниц','02:30:00',2500,1900);
/*!40000 ALTER TABLE `service` ENABLE KEYS */;
UNLOCK TABLES;
/*!40103 SET TIME_ZONE=@OLD_TIME_ZONE */;

/*!40101 SET SQL_MODE=@OLD_SQL_MODE */;
/*!40014 SET FOREIGN_KEY_CHECKS=@OLD_FOREIGN_KEY_CHECKS */;
/*!40014 SET UNIQUE_CHECKS=@OLD_UNIQUE_CHECKS */;
/*!40101 SET CHARACTER_SET_CLIENT=@OLD_CHARACTER_SET_CLIENT */;
/*!40101 SET CHARACTER_SET_RESULTS=@OLD_CHARACTER_SET_RESULTS */;
/*!40101 SET COLLATION_CONNECTION=@OLD_COLLATION_CONNECTION */;
/*!40111 SET SQL_NOTES=@OLD_SQL_NOTES */;

-- Dump completed on 2021-12-04 18:00:51
