-- MySQL dump 10.13  Distrib 8.0.27, for Win64 (x86_64)
--
-- Host: localhost    Database: dbbeautysalon_2
-- ------------------------------------------------------
-- Server version	8.0.27

/*!40101 SET @OLD_CHARACTER_SET_CLIENT=@@CHARACTER_SET_CLIENT */;
/*!40101 SET @OLD_CHARACTER_SET_RESULTS=@@CHARACTER_SET_RESULTS */;
/*!40101 SET @OLD_COLLATION_CONNECTION=@@COLLATION_CONNECTION */;
/*!50503 SET NAMES utf8 */;
/*!40103 SET @OLD_TIME_ZONE=@@TIME_ZONE */;
/*!40103 SET TIME_ZONE='+00:00' */;
/*!40014 SET @OLD_UNIQUE_CHECKS=@@UNIQUE_CHECKS, UNIQUE_CHECKS=0 */;
/*!40014 SET @OLD_FOREIGN_KEY_CHECKS=@@FOREIGN_KEY_CHECKS, FOREIGN_KEY_CHECKS=0 */;
/*!40101 SET @OLD_SQL_MODE=@@SQL_MODE, SQL_MODE='NO_AUTO_VALUE_ON_ZERO' */;
/*!40111 SET @OLD_SQL_NOTES=@@SQL_NOTES, SQL_NOTES=0 */;

--
-- Table structure for table `calendar`
--

DROP TABLE IF EXISTS `calendar`;
/*!40101 SET @saved_cs_client     = @@character_set_client */;
/*!50503 SET character_set_client = utf8mb4 */;
CREATE TABLE `calendar` (
  `id` int NOT NULL AUTO_INCREMENT,
  `dayId` int DEFAULT NULL,
  `dayName` varchar(20) DEFAULT NULL,
  `timeName` time DEFAULT NULL,
  PRIMARY KEY (`id`)
) ENGINE=InnoDB AUTO_INCREMENT=155 DEFAULT CHARSET=utf8mb4 COLLATE=utf8mb4_0900_ai_ci;
/*!40101 SET character_set_client = @saved_cs_client */;

--
-- Dumping data for table `calendar`
--

LOCK TABLES `calendar` WRITE;
/*!40000 ALTER TABLE `calendar` DISABLE KEYS */;
INSERT INTO `calendar` VALUES (1,1,'Пн','10:00:00'),(2,1,'Пн','10:30:00'),(3,1,'Пн','11:00:00'),(4,1,'Пн','11:30:00'),(5,1,'Пн','12:00:00'),(6,1,'Пн','12:30:00'),(7,1,'Пн','13:00:00'),(8,1,'Пн','13:30:00'),(9,1,'Пн','14:00:00'),(10,1,'Пн','14:30:00'),(11,1,'Пн','15:00:00'),(12,1,'Пн','15:30:00'),(13,1,'Пн','16:00:00'),(14,1,'Пн','16:30:00'),(15,1,'Пн','17:00:00'),(16,1,'Пн','17:30:00'),(17,1,'Пн','18:00:00'),(18,1,'Пн','18:30:00'),(19,1,'Пн','19:00:00'),(20,1,'Пн','19:30:00'),(21,1,'Пн','20:00:00'),(22,1,'Пн','20:30:00'),(23,2,'Вт','10:00:00'),(24,2,'Вт','10:30:00'),(25,2,'Вт','11:00:00'),(26,2,'Вт','11:30:00'),(27,2,'Вт','12:00:00'),(28,2,'Вт','12:30:00'),(29,2,'Вт','13:00:00'),(30,2,'Вт','13:30:00'),(31,2,'Вт','14:00:00'),(32,2,'Вт','14:30:00'),(33,2,'Вт','15:00:00'),(34,2,'Вт','15:30:00'),(35,2,'Вт','16:00:00'),(36,2,'Вт','16:30:00'),(37,2,'Вт','17:00:00'),(38,2,'Вт','17:30:00'),(39,2,'Вт','18:00:00'),(40,2,'Вт','18:30:00'),(41,2,'Вт','19:00:00'),(42,2,'Вт','19:30:00'),(43,2,'Вт','20:00:00'),(44,2,'Вт','20:30:00'),(45,3,'Ср','10:00:00'),(46,3,'Ср','10:30:00'),(47,3,'Ср','11:00:00'),(48,3,'Ср','11:30:00'),(49,3,'Ср','12:00:00'),(50,3,'Ср','12:30:00'),(51,3,'Ср','13:00:00'),(52,3,'Ср','13:30:00'),(53,3,'Ср','14:00:00'),(54,3,'Ср','14:30:00'),(55,3,'Ср','15:00:00'),(56,3,'Ср','15:30:00'),(57,3,'Ср','16:00:00'),(58,3,'Ср','16:30:00'),(59,3,'Ср','17:00:00'),(60,3,'Ср','17:30:00'),(61,3,'Ср','18:00:00'),(62,3,'Ср','18:30:00'),(63,3,'Ср','19:00:00'),(64,3,'Ср','19:30:00'),(65,3,'Ср','20:00:00'),(66,3,'Ср','20:30:00'),(67,4,'Чт','10:00:00'),(68,4,'Чт','10:30:00'),(69,4,'Чт','11:00:00'),(70,4,'Чт','11:30:00'),(71,4,'Чт','12:00:00'),(72,4,'Чт','12:30:00'),(73,4,'Чт','13:00:00'),(74,4,'Чт','13:30:00'),(75,4,'Чт','14:00:00'),(76,4,'Чт','14:30:00'),(77,4,'Чт','15:00:00'),(78,4,'Чт','15:30:00'),(79,4,'Чт','16:00:00'),(80,4,'Чт','16:30:00'),(81,4,'Чт','17:00:00'),(82,4,'Чт','17:30:00'),(83,4,'Чт','18:00:00'),(84,4,'Чт','18:30:00'),(85,4,'Чт','19:00:00'),(86,4,'Чт','19:30:00'),(87,4,'Чт','20:00:00'),(88,4,'Чт','20:30:00'),(89,5,'Пт','10:00:00'),(90,5,'Пт','10:30:00'),(91,5,'Пт','11:00:00'),(92,5,'Пт','11:30:00'),(93,5,'Пт','12:00:00'),(94,5,'Пт','12:30:00'),(95,5,'Пт','13:00:00'),(96,5,'Пт','13:30:00'),(97,5,'Пт','14:00:00'),(98,5,'Пт','14:30:00'),(99,5,'Пт','15:00:00'),(100,5,'Пт','15:30:00'),(101,5,'Пт','16:00:00'),(102,5,'Пт','16:30:00'),(103,5,'Пт','17:00:00'),(104,5,'Пт','17:30:00'),(105,5,'Пт','18:00:00'),(106,5,'Пт','18:30:00'),(107,5,'Пт','19:00:00'),(108,5,'Пт','19:30:00'),(109,5,'Пт','20:00:00'),(110,5,'Пт','20:30:00'),(111,6,'Сб','10:00:00'),(112,6,'Сб','10:30:00'),(113,6,'Сб','11:00:00'),(114,6,'Сб','11:30:00'),(115,6,'Сб','12:00:00'),(116,6,'Сб','12:30:00'),(117,6,'Сб','13:00:00'),(118,6,'Сб','13:30:00'),(119,6,'Сб','14:00:00'),(120,6,'Сб','14:30:00'),(121,6,'Сб','15:00:00'),(122,6,'Сб','15:30:00'),(123,6,'Сб','16:00:00'),(124,6,'Сб','16:30:00'),(125,6,'Сб','17:00:00'),(126,6,'Сб','17:30:00'),(127,6,'Сб','18:00:00'),(128,6,'Сб','18:30:00'),(129,6,'Сб','19:00:00'),(130,6,'Сб','19:30:00'),(131,6,'Сб','20:00:00'),(132,6,'Сб','20:30:00'),(133,7,'Вск','10:00:00'),(134,7,'Вск','10:30:00'),(135,7,'Вск','11:00:00'),(136,7,'Вск','11:30:00'),(137,7,'Вск','12:00:00'),(138,7,'Вск','12:30:00'),(139,7,'Вск','13:00:00'),(140,7,'Вск','13:30:00'),(141,7,'Вск','14:00:00'),(142,7,'Вск','14:30:00'),(143,7,'Вск','15:00:00'),(144,7,'Вск','15:30:00'),(145,7,'Вск','16:00:00'),(146,7,'Вск','16:30:00'),(147,7,'Вск','17:00:00'),(148,7,'Вск','17:30:00'),(149,7,'Вск','18:00:00'),(150,7,'Вск','18:30:00'),(151,7,'Вск','19:00:00'),(152,7,'Вск','19:30:00'),(153,7,'Вск','20:00:00'),(154,7,'Вск','20:30:00');
/*!40000 ALTER TABLE `calendar` ENABLE KEYS */;
UNLOCK TABLES;

--
-- Table structure for table `master`
--

DROP TABLE IF EXISTS `master`;
/*!40101 SET @saved_cs_client     = @@character_set_client */;
/*!50503 SET character_set_client = utf8mb4 */;
CREATE TABLE `master` (
  `id` int NOT NULL AUTO_INCREMENT,
  `lastname` varchar(20) DEFAULT NULL,
  `firstname` varchar(20) DEFAULT NULL,
  `profession` varchar(20) DEFAULT NULL,
  `isTop` tinyint(1) DEFAULT NULL,
  `rating` double DEFAULT NULL,
  `countClient` int DEFAULT NULL,
  PRIMARY KEY (`id`)
) ENGINE=InnoDB AUTO_INCREMENT=15 DEFAULT CHARSET=utf8mb4 COLLATE=utf8mb4_0900_ai_ci;
/*!40101 SET character_set_client = @saved_cs_client */;

--
-- Dumping data for table `master`
--

LOCK TABLES `master` WRITE;
/*!40000 ALTER TABLE `master` DISABLE KEYS */;
INSERT INTO `master` VALUES (1,'Иванова','Ксения','ногтевой сервис',1,4.9,57),(2,'Абрамова','Оксана','ногтевой сервис',0,4.3,33),(3,'Михайлова','Елена','ногтевой сервис',0,4.7,24),(4,'Ямщикова','Марина','ногтевой сервис',0,4.1,46),(5,'Зубриллина','Карина','ресницы',1,4.8,25),(6,'Дронова','Ангелина','ресницы',0,4.54,17),(7,'Степанова','Ольга','визажист',1,4.86,43),(8,'Кузнецова','Света','визажист',0,4.37,27),(9,'Васильева','Кристина','массажист',1,4.8,38),(10,'Егорова','Ксения','массажист',0,4.42,23),(11,'Козлова','Дарья','массажист',0,4.77,49),(12,'Павлова','Полина','парикмахер',1,4.91,71),(13,'Новикова','Марина','парикмахер',0,4.59,47),(14,'Федорова','Татьяна','парикмахер',0,4.4,39);
/*!40000 ALTER TABLE `master` ENABLE KEYS */;
UNLOCK TABLES;

--
-- Table structure for table `master_service`
--

DROP TABLE IF EXISTS `master_service`;
/*!40101 SET @saved_cs_client     = @@character_set_client */;
/*!50503 SET character_set_client = utf8mb4 */;
CREATE TABLE `master_service` (
  `id` int NOT NULL AUTO_INCREMENT,
  `masterId` int DEFAULT NULL,
  `serviceId` int DEFAULT NULL,
  PRIMARY KEY (`id`),
  KEY `masterId` (`masterId`),
  KEY `serviceId` (`serviceId`),
  CONSTRAINT `master_service_ibfk_1` FOREIGN KEY (`masterId`) REFERENCES `master` (`id`),
  CONSTRAINT `master_service_ibfk_2` FOREIGN KEY (`serviceId`) REFERENCES `service` (`id`)
) ENGINE=InnoDB AUTO_INCREMENT=64 DEFAULT CHARSET=utf8mb4 COLLATE=utf8mb4_0900_ai_ci;
/*!40101 SET character_set_client = @saved_cs_client */;

--
-- Dumping data for table `master_service`
--

LOCK TABLES `master_service` WRITE;
/*!40000 ALTER TABLE `master_service` DISABLE KEYS */;
INSERT INTO `master_service` VALUES (1,1,8),(2,1,9),(3,1,10),(4,1,11),(5,1,12),(6,1,13),(7,2,8),(8,2,9),(9,2,10),(10,2,11),(11,2,12),(12,2,13),(13,3,8),(14,3,9),(15,3,10),(16,3,11),(17,3,12),(18,3,13),(19,4,8),(20,4,9),(21,4,10),(22,4,11),(23,4,12),(24,4,13),(25,5,20),(26,6,20),(27,7,14),(28,7,15),(29,8,14),(30,8,15),(31,9,16),(32,9,17),(33,9,18),(34,9,19),(35,10,16),(36,10,17),(37,10,18),(38,10,19),(39,11,16),(40,11,17),(41,11,18),(42,11,19),(43,12,1),(44,12,2),(45,12,3),(46,12,4),(47,12,5),(48,12,6),(49,12,7),(50,13,1),(51,13,2),(52,13,3),(53,13,4),(54,13,5),(55,13,6),(56,13,7),(57,14,1),(58,14,2),(59,14,3),(60,14,4),(61,14,5),(62,14,6),(63,14,7);
/*!40000 ALTER TABLE `master_service` ENABLE KEYS */;
UNLOCK TABLES;

--
-- Table structure for table `master_working_day`
--

DROP TABLE IF EXISTS `master_working_day`;
/*!40101 SET @saved_cs_client     = @@character_set_client */;
/*!50503 SET character_set_client = utf8mb4 */;
CREATE TABLE `master_working_day` (
  `id` int NOT NULL AUTO_INCREMENT,
  `masterId` int DEFAULT NULL,
  `workingDay` date DEFAULT NULL,
  PRIMARY KEY (`id`),
  UNIQUE KEY `masterId` (`masterId`,`workingDay`),
  CONSTRAINT `master_working_day_ibfk_1` FOREIGN KEY (`masterId`) REFERENCES `master` (`id`)
) ENGINE=InnoDB AUTO_INCREMENT=239 DEFAULT CHARSET=utf8mb4 COLLATE=utf8mb4_0900_ai_ci;
/*!40101 SET character_set_client = @saved_cs_client */;

--
-- Dumping data for table `master_working_day`
--

LOCK TABLES `master_working_day` WRITE;
/*!40000 ALTER TABLE `master_working_day` DISABLE KEYS */;
INSERT INTO `master_working_day` VALUES (1,1,'2021-12-06'),(2,1,'2021-12-07'),(3,1,'2021-12-08'),(4,1,'2021-12-09'),(5,1,'2021-12-10'),(6,1,'2021-12-13'),(7,1,'2021-12-14'),(8,1,'2021-12-15'),(9,1,'2021-12-16'),(10,1,'2021-12-17'),(11,1,'2021-12-20'),(12,1,'2021-12-21'),(13,1,'2021-12-22'),(14,1,'2021-12-23'),(15,1,'2021-12-24'),(16,1,'2021-12-27'),(17,1,'2021-12-28'),(18,1,'2021-12-29'),(19,1,'2021-12-30'),(20,1,'2021-12-31'),(21,2,'2021-12-06'),(22,2,'2021-12-07'),(23,2,'2021-12-08'),(24,2,'2021-12-09'),(25,2,'2021-12-10'),(26,2,'2021-12-13'),(27,2,'2021-12-14'),(28,2,'2021-12-15'),(29,2,'2021-12-16'),(30,2,'2021-12-17'),(31,2,'2021-12-20'),(32,2,'2021-12-21'),(33,2,'2021-12-22'),(34,2,'2021-12-23'),(35,2,'2021-12-24'),(36,2,'2021-12-27'),(37,2,'2021-12-28'),(38,2,'2021-12-29'),(39,2,'2021-12-30'),(40,2,'2021-12-31'),(41,3,'2021-12-06'),(42,3,'2021-12-07'),(43,3,'2021-12-08'),(44,3,'2021-12-09'),(45,3,'2021-12-10'),(46,3,'2021-12-13'),(47,3,'2021-12-14'),(48,3,'2021-12-15'),(49,3,'2021-12-16'),(50,3,'2021-12-17'),(51,3,'2021-12-20'),(52,3,'2021-12-21'),(53,3,'2021-12-22'),(54,3,'2021-12-23'),(55,3,'2021-12-24'),(56,3,'2021-12-27'),(57,3,'2021-12-28'),(58,3,'2021-12-29'),(59,3,'2021-12-30'),(60,3,'2021-12-31'),(61,4,'2021-12-06'),(62,4,'2021-12-07'),(63,4,'2021-12-08'),(64,4,'2021-12-09'),(65,4,'2021-12-10'),(66,4,'2021-12-13'),(67,4,'2021-12-14'),(68,4,'2021-12-15'),(69,4,'2021-12-16'),(70,4,'2021-12-17'),(71,4,'2021-12-20'),(72,4,'2021-12-21'),(73,4,'2021-12-22'),(74,4,'2021-12-23'),(75,4,'2021-12-24'),(76,4,'2021-12-27'),(77,4,'2021-12-28'),(78,4,'2021-12-29'),(79,4,'2021-12-30'),(80,4,'2021-12-31'),(81,5,'2021-12-06'),(82,5,'2021-12-07'),(83,5,'2021-12-08'),(84,5,'2021-12-09'),(85,5,'2021-12-10'),(86,5,'2021-12-13'),(87,5,'2021-12-14'),(88,5,'2021-12-15'),(89,5,'2021-12-16'),(90,5,'2021-12-17'),(91,5,'2021-12-20'),(92,5,'2021-12-21'),(93,5,'2021-12-22'),(94,5,'2021-12-23'),(95,5,'2021-12-24'),(96,5,'2021-12-27'),(97,5,'2021-12-28'),(98,5,'2021-12-29'),(99,5,'2021-12-30'),(100,5,'2021-12-31'),(101,6,'2021-12-06'),(102,6,'2021-12-07'),(103,6,'2021-12-08'),(104,6,'2021-12-09'),(105,6,'2021-12-10'),(106,6,'2021-12-13'),(107,6,'2021-12-14'),(108,6,'2021-12-15'),(109,6,'2021-12-16'),(110,6,'2021-12-17'),(111,6,'2021-12-20'),(112,6,'2021-12-21'),(113,6,'2021-12-22'),(114,6,'2021-12-23'),(115,6,'2021-12-24'),(116,6,'2021-12-27'),(117,6,'2021-12-28'),(118,6,'2021-12-29'),(119,6,'2021-12-30'),(120,6,'2021-12-31'),(121,7,'2021-12-06'),(122,7,'2021-12-07'),(123,7,'2021-12-08'),(124,7,'2021-12-09'),(125,7,'2021-12-10'),(126,7,'2021-12-13'),(127,7,'2021-12-14'),(128,7,'2021-12-15'),(129,7,'2021-12-16'),(130,7,'2021-12-17'),(131,7,'2021-12-20'),(132,7,'2021-12-21'),(133,7,'2021-12-22'),(134,7,'2021-12-23'),(135,7,'2021-12-24'),(136,7,'2021-12-27'),(137,7,'2021-12-28'),(138,7,'2021-12-29'),(139,7,'2021-12-30'),(140,7,'2021-12-31'),(141,8,'2021-12-06'),(142,8,'2021-12-07'),(143,8,'2021-12-10'),(144,8,'2021-12-11'),(145,8,'2021-12-14'),(146,8,'2021-12-15'),(147,8,'2021-12-18'),(148,8,'2021-12-19'),(149,8,'2021-12-22'),(150,8,'2021-12-23'),(151,8,'2021-12-26'),(152,8,'2021-12-27'),(153,8,'2021-12-30'),(154,8,'2021-12-31'),(155,9,'2021-12-06'),(156,9,'2021-12-07'),(157,9,'2021-12-10'),(158,9,'2021-12-11'),(159,9,'2021-12-14'),(160,9,'2021-12-15'),(161,9,'2021-12-18'),(162,9,'2021-12-19'),(163,9,'2021-12-22'),(164,9,'2021-12-23'),(165,9,'2021-12-26'),(166,9,'2021-12-27'),(167,9,'2021-12-30'),(168,9,'2021-12-31'),(169,10,'2021-12-06'),(170,10,'2021-12-07'),(171,10,'2021-12-10'),(172,10,'2021-12-11'),(173,10,'2021-12-14'),(174,10,'2021-12-15'),(175,10,'2021-12-18'),(176,10,'2021-12-19'),(177,10,'2021-12-22'),(178,10,'2021-12-23'),(179,10,'2021-12-26'),(180,10,'2021-12-27'),(181,10,'2021-12-30'),(182,10,'2021-12-31'),(183,11,'2021-12-06'),(184,11,'2021-12-07'),(185,11,'2021-12-10'),(186,11,'2021-12-11'),(187,11,'2021-12-14'),(188,11,'2021-12-15'),(189,11,'2021-12-18'),(190,11,'2021-12-19'),(191,11,'2021-12-22'),(192,11,'2021-12-23'),(193,11,'2021-12-26'),(194,11,'2021-12-27'),(195,11,'2021-12-30'),(196,11,'2021-12-31'),(197,12,'2021-12-06'),(198,12,'2021-12-07'),(199,12,'2021-12-10'),(200,12,'2021-12-11'),(201,12,'2021-12-14'),(202,12,'2021-12-15'),(203,12,'2021-12-18'),(204,12,'2021-12-19'),(205,12,'2021-12-22'),(206,12,'2021-12-23'),(207,12,'2021-12-26'),(208,12,'2021-12-27'),(209,12,'2021-12-30'),(210,12,'2021-12-31'),(211,13,'2021-12-06'),(212,13,'2021-12-07'),(213,13,'2021-12-10'),(214,13,'2021-12-11'),(215,13,'2021-12-14'),(216,13,'2021-12-15'),(217,13,'2021-12-18'),(218,13,'2021-12-19'),(219,13,'2021-12-22'),(220,13,'2021-12-23'),(221,13,'2021-12-26'),(222,13,'2021-12-27'),(223,13,'2021-12-30'),(224,13,'2021-12-31'),(225,14,'2021-12-06'),(226,14,'2021-12-07'),(227,14,'2021-12-10'),(228,14,'2021-12-11'),(229,14,'2021-12-14'),(230,14,'2021-12-15'),(231,14,'2021-12-18'),(232,14,'2021-12-19'),(233,14,'2021-12-22'),(234,14,'2021-12-23'),(235,14,'2021-12-26'),(236,14,'2021-12-27'),(237,14,'2021-12-30'),(238,14,'2021-12-31');
/*!40000 ALTER TABLE `master_working_day` ENABLE KEYS */;
UNLOCK TABLES;

--
-- Table structure for table `record`
--

DROP TABLE IF EXISTS `record`;
/*!40101 SET @saved_cs_client     = @@character_set_client */;
/*!50503 SET character_set_client = utf8mb4 */;
CREATE TABLE `record` (
  `id` int NOT NULL AUTO_INCREMENT,
  `clientId` int DEFAULT NULL,
  `masterId` int DEFAULT NULL,
  `serviceId` int DEFAULT NULL,
  `dateRecord` date DEFAULT NULL,
  `timeStart` time DEFAULT NULL,
  `timeEnd` time DEFAULT NULL,
  PRIMARY KEY (`id`),
  KEY `masterId` (`masterId`),
  KEY `serviceId` (`serviceId`),
  CONSTRAINT `record_ibfk_1` FOREIGN KEY (`masterId`) REFERENCES `master` (`id`),
  CONSTRAINT `record_ibfk_2` FOREIGN KEY (`serviceId`) REFERENCES `service` (`id`)
) ENGINE=InnoDB AUTO_INCREMENT=709 DEFAULT CHARSET=utf8mb4 COLLATE=utf8mb4_0900_ai_ci;
/*!40101 SET character_set_client = @saved_cs_client */;

--
-- Dumping data for table `record`
--

LOCK TABLES `record` WRITE;
/*!40000 ALTER TABLE `record` DISABLE KEYS */;
INSERT INTO `record` VALUES (1,111111,1,9,'2021-12-01','10:00:00','12:00:00'),(2,111112,1,13,'2021-12-01','12:30:00','15:00:00'),(3,111113,1,10,'2021-12-01','16:00:00','18:00:00'),(4,111114,1,12,'2021-12-01','18:30:00','20:30:00'),(5,111121,1,9,'2021-12-02','10:30:00','12:30:00'),(6,111122,1,13,'2021-12-02','12:30:00','15:00:00'),(7,111123,1,10,'2021-12-02','16:00:00','18:00:00'),(8,111124,1,12,'2021-12-02','19:00:00','21:00:00'),(9,111131,1,9,'2021-12-03','10:00:00','12:00:00'),(10,111132,1,13,'2021-12-03','12:00:00','14:30:00'),(11,111133,1,10,'2021-12-03','15:30:00','17:30:00'),(12,111134,1,12,'2021-12-03','18:30:00','20:30:00'),(13,111151,2,9,'2021-12-01','10:30:00','12:30:00'),(14,111162,2,13,'2021-12-01','13:00:00','15:30:00'),(15,111123,2,10,'2021-12-01','16:30:00','18:30:00'),(16,111154,2,12,'2021-12-01','19:00:00','21:00:00'),(17,111161,2,9,'2021-12-02','10:00:00','12:00:00'),(18,111152,2,13,'2021-12-02','12:00:00','14:30:00'),(19,111143,2,10,'2021-12-02','15:30:00','17:30:00'),(20,111151,2,12,'2021-12-02','18:30:00','20:30:00'),(21,111141,2,9,'2021-12-03','10:00:00','12:00:00'),(22,111142,2,13,'2021-12-03','12:30:00','15:00:00'),(23,111153,2,10,'2021-12-03','16:00:00','18:00:00'),(24,111162,2,12,'2021-12-03','18:30:00','20:30:00'),(25,111171,3,9,'2021-12-01','10:30:00','12:30:00'),(26,111172,3,13,'2021-12-01','13:00:00','15:30:00'),(27,111173,3,10,'2021-12-01','16:30:00','18:30:00'),(28,111174,3,12,'2021-12-01','19:00:00','21:00:00'),(29,111181,3,9,'2021-12-02','10:00:00','12:00:00'),(30,111182,3,13,'2021-12-02','12:00:00','14:30:00'),(31,111183,3,10,'2021-12-02','15:30:00','17:30:00'),(32,111184,3,12,'2021-12-02','18:30:00','20:30:00'),(33,111191,3,9,'2021-12-03','10:00:00','12:00:00'),(34,111192,3,13,'2021-12-03','12:30:00','15:00:00'),(35,111193,3,10,'2021-12-03','16:00:00','18:00:00'),(36,111194,3,12,'2021-12-03','18:30:00','20:30:00'),(37,111114,4,9,'2021-12-01','10:30:00','12:30:00'),(38,111172,4,13,'2021-12-01','13:00:00','15:30:00'),(39,111122,4,10,'2021-12-01','16:00:00','17:30:00'),(40,111113,4,12,'2021-12-01','18:30:00','20:30:00'),(41,111144,4,9,'2021-12-02','10:00:00','12:00:00'),(42,111174,4,13,'2021-12-02','12:30:00','15:00:00'),(43,111131,4,10,'2021-12-02','16:30:00','18:30:00'),(44,111112,4,12,'2021-12-02','18:30:00','20:30:00'),(45,111163,4,9,'2021-12-03','10:00:00','12:00:00'),(46,111173,4,13,'2021-12-03','12:30:00','15:00:00'),(47,111111,4,10,'2021-12-03','15:30:00','17:30:00'),(48,111121,4,12,'2021-12-03','18:30:00','20:30:00'),(49,211111,5,20,'2021-12-01','10:00:00','12:30:00'),(50,211121,5,20,'2021-12-01','13:30:00','16:00:00'),(51,211131,5,20,'2021-12-01','16:30:00','19:00:00'),(52,211112,5,20,'2021-12-02','10:30:00','13:00:00'),(53,211132,5,20,'2021-12-02','17:00:00','19:30:00'),(54,211113,5,20,'2021-12-03','10:00:00','12:30:00'),(55,211123,5,20,'2021-12-03','14:00:00','16:30:00'),(56,211133,5,20,'2021-12-03','17:00:00','19:30:00'),(57,211141,6,20,'2021-12-01','10:30:00','13:00:00'),(58,211151,6,20,'2021-12-01','13:30:00','16:00:00'),(59,211161,6,20,'2021-12-01','18:30:00','21:00:00'),(60,211142,6,20,'2021-12-02','11:00:00','13:30:00'),(61,211152,6,20,'2021-12-02','13:30:00','16:00:00'),(62,211162,6,20,'2021-12-02','17:30:00','20:00:00'),(63,211143,6,20,'2021-12-03','10:00:00','12:30:00'),(64,211153,6,20,'2021-12-03','15:00:00','17:30:00'),(65,211163,6,20,'2021-12-03','17:30:00','20:00:00'),(66,311111,7,14,'2021-12-01','10:00:00','11:00:00'),(67,311112,7,14,'2021-12-01','12:00:00','13:00:00'),(68,311113,7,14,'2021-12-01','14:30:00','15:30:00'),(69,311114,7,15,'2021-12-01','16:30:00','18:00:00'),(70,311115,7,15,'2021-12-01','18:30:00','20:00:00'),(71,311121,7,14,'2021-12-02','10:30:00','11:30:00'),(72,311123,7,14,'2021-12-02','13:30:00','14:30:00'),(73,311124,7,15,'2021-12-02','15:30:00','17:00:00'),(74,311125,7,15,'2021-12-02','17:30:00','19:00:00'),(75,311131,7,14,'2021-12-03','10:30:00','12:00:00'),(76,311132,7,14,'2021-12-03','12:30:00','13:30:00'),(77,311133,7,14,'2021-12-03','14:00:00','15:30:00'),(78,311134,7,15,'2021-12-03','17:00:00','18:30:00'),(79,311135,7,15,'2021-12-03','19:30:00','21:00:00'),(80,311141,8,14,'2021-12-01','10:00:00','11:00:00'),(81,311142,8,14,'2021-12-01','12:00:00','13:00:00'),(82,311143,8,14,'2021-12-01','14:30:00','15:30:00'),(83,311144,8,15,'2021-12-01','16:30:00','18:00:00'),(84,311145,8,15,'2021-12-01','18:30:00','20:00:00'),(85,311151,8,14,'2021-12-02','10:30:00','11:30:00'),(86,311153,8,14,'2021-12-02','13:30:00','14:30:00'),(87,311154,8,15,'2021-12-02','15:30:00','17:00:00'),(88,311155,8,15,'2021-12-02','17:30:00','19:00:00'),(89,311161,8,14,'2021-12-05','10:30:00','12:00:00'),(90,311162,8,14,'2021-12-05','12:30:00','13:30:00'),(91,311163,8,14,'2021-12-05','14:00:00','15:30:00'),(92,311164,8,15,'2021-12-05','17:00:00','19:00:00'),(93,411111,9,17,'2021-12-01','10:00:00','11:30:00'),(94,411112,9,17,'2021-12-01','12:30:00','14:00:00'),(95,411113,9,18,'2021-12-01','14:30:00','15:30:00'),(96,411114,9,17,'2021-12-01','16:00:00','17:30:00'),(97,411115,9,17,'2021-12-01','19:00:00','20:30:00'),(98,411121,9,17,'2021-12-02','10:30:00','12:00:00'),(99,411122,9,17,'2021-12-02','13:30:00','15:00:00'),(100,411123,9,18,'2021-12-02','15:00:00','16:00:00'),(101,411124,9,18,'2021-12-02','16:00:00','17:00:00'),(102,411125,9,17,'2021-12-02','18:30:00','20:00:00'),(103,411126,9,18,'2021-12-02','20:00:00','21:00:00'),(104,411131,9,17,'2021-12-05','10:30:00','11:30:00'),(105,411132,9,18,'2021-12-05','12:00:00','13:00:00'),(106,411133,9,17,'2021-12-05','13:00:00','14:30:00'),(107,411134,9,17,'2021-12-05','16:00:00','17:30:00'),(108,411135,9,18,'2021-12-05','17:30:00','18:30:00'),(109,411136,9,17,'2021-12-05','19:00:00','20:30:00'),(110,411141,10,17,'2021-12-01','10:00:00','11:30:00'),(111,411142,10,17,'2021-12-01','12:00:00','13:30:00'),(112,411143,10,18,'2021-12-01','14:30:00','15:30:00'),(113,411144,10,17,'2021-12-01','16:00:00','17:30:00'),(114,411145,10,17,'2021-12-01','19:00:00','20:30:00'),(115,411151,10,17,'2021-12-02','10:00:00','11:00:00'),(116,411152,10,18,'2021-12-02','12:00:00','13:00:00'),(117,411153,10,17,'2021-12-02','13:30:00','15:00:00'),(118,411154,10,18,'2021-12-02','15:00:00','16:00:00'),(119,411155,10,18,'2021-12-02','17:30:00','18:30:00'),(120,411156,10,18,'2021-12-02','19:00:00','20:00:00'),(121,411161,10,17,'2021-12-05','10:30:00','12:00:00'),(122,411162,10,18,'2021-12-05','12:00:00','13:00:00'),(123,411163,10,17,'2021-12-05','14:30:00','16:00:00'),(124,411164,10,18,'2021-12-05','16:00:00','17:00:00'),(125,411165,10,17,'2021-12-05','17:30:00','18:30:00'),(126,411166,10,18,'2021-12-05','20:00:00','21:00:00'),(127,511141,11,17,'2021-12-01','10:00:00','11:30:00'),(128,511142,11,17,'2021-12-01','12:00:00','13:30:00'),(129,511143,11,18,'2021-12-01','14:30:00','15:30:00'),(130,511144,11,17,'2021-12-01','16:00:00','17:30:00'),(131,511145,11,17,'2021-12-01','19:00:00','20:30:00'),(132,511151,11,17,'2021-12-02','10:00:00','11:00:00'),(133,511152,11,18,'2021-12-02','12:00:00','13:00:00'),(134,511153,11,17,'2021-12-02','13:30:00','15:00:00'),(135,511154,11,18,'2021-12-02','15:00:00','16:00:00'),(136,511155,11,18,'2021-12-02','17:30:00','18:30:00'),(137,511156,11,18,'2021-12-02','19:00:00','20:00:00'),(138,511161,11,17,'2021-12-05','10:30:00','12:00:00'),(139,511162,11,18,'2021-12-05','12:00:00','13:00:00'),(140,511163,11,17,'2021-12-05','14:30:00','16:00:00'),(141,511164,11,18,'2021-12-05','16:00:00','17:00:00'),(142,511165,11,17,'2021-12-05','17:30:00','18:30:00'),(143,511166,11,18,'2021-12-05','20:00:00','21:00:00'),(144,511111,12,4,'2021-12-01','10:00:00','11:30:00'),(145,511112,12,4,'2021-12-01','12:00:00','13:30:00'),(146,511113,12,2,'2021-12-01','14:30:00','21:00:00'),(147,511114,12,4,'2021-12-01','18:00:00','19:30:00'),(148,511121,12,5,'2021-12-02','10:00:00','12:30:00'),(149,511122,12,2,'2021-12-02','13:30:00','14:30:00'),(150,511123,12,4,'2021-12-02','16:30:00','18:00:00'),(151,511131,12,6,'2021-12-05','10:00:00','12:30:00'),(152,511132,12,2,'2021-12-05','13:00:00','14:00:00'),(153,511133,12,6,'2021-12-05','15:30:00','18:00:00'),(154,511134,12,4,'2021-12-05','19:30:00','21:00:00'),(155,611111,13,4,'2021-12-01','10:00:00','11:30:00'),(156,611112,13,4,'2021-12-01','12:00:00','13:30:00'),(157,611113,13,2,'2021-12-01','14:30:00','21:00:00'),(158,611114,13,4,'2021-12-01','18:00:00','19:30:00'),(159,611121,13,5,'2021-12-02','10:00:00','12:30:00'),(160,611122,13,2,'2021-12-02','13:30:00','14:30:00'),(161,611123,13,4,'2021-12-02','16:30:00','18:00:00'),(162,611131,13,6,'2021-12-05','10:00:00','12:30:00'),(163,611132,13,2,'2021-12-05','13:00:00','14:00:00'),(164,611133,13,6,'2021-12-05','15:30:00','18:00:00'),(165,611134,13,4,'2021-12-05','19:30:00','21:00:00'),(222,211141,6,20,'2021-12-01','10:30:00','13:00:00'),(223,211151,6,20,'2021-12-01','13:30:00','16:00:00'),(224,211161,6,20,'2021-12-01','18:30:00','21:00:00'),(225,211142,6,20,'2021-12-02','11:00:00','13:30:00'),(226,211152,6,20,'2021-12-02','13:30:00','16:00:00'),(227,211162,6,20,'2021-12-03','17:30:00','20:00:00'),(228,211143,6,20,'2021-12-03','10:00:00','12:30:00'),(229,211153,6,20,'2021-12-03','15:00:00','17:30:00'),(230,211163,6,20,'2021-12-03','17:30:00','20:00:00'),(231,311111,7,14,'2021-12-06','10:00:00','11:00:00'),(232,311112,7,14,'2021-12-06','12:00:00','13:00:00'),(233,311113,7,14,'2021-12-06','14:30:00','15:30:00'),(234,311114,7,15,'2021-12-06','16:30:00','18:00:00'),(235,311115,7,15,'2021-12-06','18:30:00','20:00:00'),(236,311121,7,14,'2021-12-07','10:30:00','11:30:00'),(237,311123,7,14,'2021-12-07','13:30:00','14:30:00'),(238,311124,7,15,'2021-12-07','15:30:00','17:00:00'),(239,311125,7,15,'2021-12-07','17:30:00','19:00:00'),(240,311131,7,14,'2021-12-08','10:30:00','12:00:00'),(241,311132,7,14,'2021-12-08','12:30:00','13:30:00'),(242,311133,7,14,'2021-12-08','14:00:00','15:30:00'),(243,311134,7,15,'2021-12-08','17:00:00','18:30:00'),(244,311135,7,15,'2021-12-08','19:30:00','21:00:00'),(309,711111,14,4,'2021-12-01','10:00:00','11:30:00'),(310,711112,14,4,'2021-12-01','12:00:00','13:30:00'),(311,711113,14,2,'2021-12-01','14:30:00','21:00:00'),(312,711114,14,4,'2021-12-01','18:00:00','19:30:00'),(313,711121,14,5,'2021-12-02','10:00:00','12:30:00'),(314,711122,14,2,'2021-12-02','13:30:00','14:30:00'),(315,711123,14,4,'2021-12-02','16:30:00','18:00:00'),(316,711131,14,6,'2021-12-05','10:00:00','12:30:00'),(317,711132,14,2,'2021-12-05','13:00:00','14:00:00'),(318,711133,14,6,'2021-12-05','15:30:00','18:00:00'),(319,711134,14,4,'2021-12-05','19:30:00','21:00:00'),(320,111111,1,9,'2021-12-06','10:00:00','12:00:00'),(321,111112,1,13,'2021-12-06','12:30:00','15:00:00'),(322,111113,1,10,'2021-12-06','16:00:00','18:00:00'),(323,111114,1,12,'2021-12-06','18:30:00','20:30:00'),(324,111121,1,9,'2021-12-07','10:30:00','12:30:00'),(325,111122,1,13,'2021-12-07','12:30:00','15:00:00'),(326,111123,1,10,'2021-12-07','16:00:00','18:00:00'),(327,111124,1,12,'2021-12-07','19:00:00','21:00:00'),(328,111131,1,9,'2021-12-08','10:00:00','12:00:00'),(329,111132,1,13,'2021-12-08','12:00:00','14:30:00'),(330,111133,1,10,'2021-12-08','15:30:00','17:30:00'),(331,111134,1,12,'2021-12-08','18:30:00','20:30:00'),(332,111111,1,9,'2021-12-09','10:00:00','12:00:00'),(333,111112,1,13,'2021-12-09','12:30:00','15:00:00'),(334,111113,1,10,'2021-12-09','16:00:00','18:00:00'),(335,111114,1,12,'2021-12-09','18:30:00','20:30:00'),(336,111121,1,9,'2021-12-10','10:30:00','12:30:00'),(337,111122,1,13,'2021-12-10','12:30:00','15:00:00'),(338,111123,1,10,'2021-12-10','16:00:00','18:00:00'),(339,111124,1,12,'2021-12-10','19:00:00','21:00:00'),(340,111111,1,9,'2021-12-13','10:00:00','12:00:00'),(341,111112,1,13,'2021-12-13','12:30:00','15:00:00'),(342,111113,1,10,'2021-12-13','16:00:00','18:00:00'),(343,111114,1,12,'2021-12-13','18:30:00','20:30:00'),(344,111121,1,9,'2021-12-14','10:30:00','12:30:00'),(345,111122,1,13,'2021-12-14','12:30:00','15:00:00'),(346,111123,1,10,'2021-12-14','16:00:00','18:00:00'),(347,111124,1,12,'2021-12-14','19:00:00','21:00:00'),(348,111131,1,9,'2021-12-15','10:00:00','12:00:00'),(349,111132,1,13,'2021-12-15','12:00:00','14:30:00'),(350,111133,1,10,'2021-12-15','15:30:00','17:30:00'),(351,111134,1,12,'2021-12-15','18:30:00','20:30:00'),(352,111111,1,9,'2021-12-16','10:00:00','12:00:00'),(353,111112,1,13,'2021-12-16','12:30:00','15:00:00'),(354,111113,1,10,'2021-12-16','16:00:00','18:00:00'),(355,111114,1,12,'2021-12-16','18:30:00','20:30:00'),(356,111121,1,9,'2021-12-17','10:30:00','12:30:00'),(357,111122,1,13,'2021-12-17','12:30:00','15:00:00'),(358,111123,1,10,'2021-12-17','16:00:00','18:00:00'),(359,111124,1,12,'2021-12-17','19:00:00','21:00:00'),(360,111151,2,9,'2021-12-06','10:30:00','12:30:00'),(361,111162,2,13,'2021-12-06','13:00:00','15:30:00'),(362,111123,2,10,'2021-12-06','16:30:00','18:30:00'),(363,111154,2,12,'2021-12-06','19:00:00','21:00:00'),(364,111161,2,9,'2021-12-07','10:00:00','12:00:00'),(365,111152,2,13,'2021-12-07','12:00:00','14:30:00'),(366,111143,2,10,'2021-12-07','15:30:00','17:30:00'),(367,111151,2,12,'2021-12-07','18:30:00','20:30:00'),(368,111141,2,9,'2021-12-08','10:00:00','12:00:00'),(369,111142,2,13,'2021-12-08','12:30:00','15:00:00'),(370,111153,2,10,'2021-12-08','16:00:00','18:00:00'),(371,111162,2,12,'2021-12-08','18:30:00','20:30:00'),(372,111151,2,9,'2021-12-09','10:30:00','12:30:00'),(373,111162,2,13,'2021-12-09','13:00:00','15:30:00'),(374,111123,2,10,'2021-12-09','16:30:00','18:30:00'),(375,111154,2,12,'2021-12-09','19:00:00','21:00:00'),(376,111161,2,9,'2021-12-10','10:00:00','12:00:00'),(377,111152,2,13,'2021-12-10','12:00:00','14:30:00'),(378,111143,2,10,'2021-12-10','15:30:00','17:30:00'),(379,111151,2,12,'2021-12-10','18:30:00','20:30:00'),(380,111151,2,9,'2021-12-13','10:30:00','12:30:00'),(381,111162,2,13,'2021-12-13','13:00:00','15:30:00'),(382,111123,2,10,'2021-12-13','16:30:00','18:30:00'),(383,111154,2,12,'2021-12-13','19:00:00','21:00:00'),(384,111161,2,9,'2021-12-14','10:00:00','12:00:00'),(385,111152,2,13,'2021-12-14','12:00:00','14:30:00'),(386,111143,2,10,'2021-12-14','15:30:00','17:30:00'),(387,111151,2,12,'2021-12-14','18:30:00','20:30:00'),(388,111141,2,9,'2021-12-15','10:00:00','12:00:00'),(389,111142,2,13,'2021-12-15','12:30:00','15:00:00'),(390,111153,2,10,'2021-12-15','16:00:00','18:00:00'),(391,111162,2,12,'2021-12-15','18:30:00','20:30:00'),(392,111151,2,9,'2021-12-16','10:30:00','12:30:00'),(393,111162,2,13,'2021-12-16','13:00:00','15:30:00'),(394,111123,2,10,'2021-12-16','16:30:00','18:30:00'),(395,111154,2,12,'2021-12-16','19:00:00','21:00:00'),(396,111161,2,9,'2021-12-17','10:00:00','12:00:00'),(397,111152,2,13,'2021-12-17','12:00:00','14:30:00'),(398,111143,2,10,'2021-12-17','15:30:00','17:30:00'),(399,111151,2,12,'2021-12-17','18:30:00','20:30:00'),(400,111171,3,9,'2021-12-06','10:30:00','12:30:00'),(401,111172,3,13,'2021-12-06','13:00:00','15:30:00'),(402,111173,3,10,'2021-12-06','16:30:00','18:30:00'),(403,111174,3,12,'2021-12-06','19:00:00','21:00:00'),(404,111181,3,9,'2021-12-07','10:00:00','12:00:00'),(405,111182,3,13,'2021-12-07','12:00:00','14:30:00'),(406,111183,3,10,'2021-12-07','15:30:00','17:30:00'),(407,111184,3,12,'2021-12-07','18:30:00','20:30:00'),(408,111191,3,9,'2021-12-08','10:00:00','12:00:00'),(409,111192,3,13,'2021-12-08','12:30:00','15:00:00'),(410,111193,3,10,'2021-12-08','16:00:00','18:00:00'),(411,111194,3,12,'2021-12-08','18:30:00','20:30:00'),(412,111171,3,9,'2021-12-09','10:30:00','12:30:00'),(413,111172,3,13,'2021-12-09','13:00:00','15:30:00'),(414,111173,3,10,'2021-12-09','16:30:00','18:30:00'),(415,111174,3,12,'2021-12-09','19:00:00','21:00:00'),(416,111181,3,9,'2021-12-10','10:00:00','12:00:00'),(417,111182,3,13,'2021-12-10','12:00:00','14:30:00'),(418,111183,3,10,'2021-12-10','15:30:00','17:30:00'),(419,111184,3,12,'2021-12-10','18:30:00','20:30:00'),(420,111171,3,9,'2021-12-13','10:30:00','12:30:00'),(421,111172,3,13,'2021-12-13','13:00:00','15:30:00'),(422,111173,3,10,'2021-12-13','16:30:00','18:30:00'),(423,111174,3,12,'2021-12-13','19:00:00','21:00:00'),(424,111181,3,9,'2021-12-14','10:00:00','12:00:00'),(425,111182,3,13,'2021-12-14','12:00:00','14:30:00'),(426,111183,3,10,'2021-12-14','15:30:00','17:30:00'),(427,111184,3,12,'2021-12-14','18:30:00','20:30:00'),(428,111191,3,9,'2021-12-15','10:00:00','12:00:00'),(429,111192,3,13,'2021-12-15','12:30:00','15:00:00'),(430,111193,3,10,'2021-12-15','16:00:00','18:00:00'),(431,111194,3,12,'2021-12-15','18:30:00','20:30:00'),(432,111114,4,9,'2021-12-06','10:30:00','12:30:00'),(433,111172,4,13,'2021-12-06','13:00:00','15:30:00'),(434,111122,4,10,'2021-12-06','16:00:00','17:30:00'),(435,111113,4,12,'2021-12-06','18:30:00','20:30:00'),(436,111144,4,9,'2021-12-07','10:00:00','12:00:00'),(437,111174,4,13,'2021-12-07','12:30:00','15:00:00'),(438,111131,4,10,'2021-12-07','16:30:00','18:30:00'),(439,111112,4,12,'2021-12-07','18:30:00','20:30:00'),(440,111163,4,9,'2021-12-08','10:00:00','12:00:00'),(441,111173,4,13,'2021-12-08','12:30:00','15:00:00'),(442,111111,4,10,'2021-12-08','15:30:00','17:30:00'),(443,111121,4,12,'2021-12-08','18:30:00','20:30:00'),(444,111114,4,9,'2021-12-09','10:30:00','12:30:00'),(445,111172,4,13,'2021-12-09','13:00:00','15:30:00'),(446,111122,4,10,'2021-12-09','16:00:00','17:30:00'),(447,111113,4,12,'2021-12-09','18:30:00','20:30:00'),(448,111144,4,9,'2021-12-10','10:00:00','12:00:00'),(449,111174,4,13,'2021-12-10','12:30:00','15:00:00'),(450,111131,4,10,'2021-12-10','16:30:00','18:30:00'),(451,111112,4,12,'2021-12-10','18:30:00','20:30:00'),(452,111114,4,9,'2021-12-13','10:30:00','12:30:00'),(453,111172,4,13,'2021-12-13','13:00:00','15:30:00'),(454,111122,4,10,'2021-12-13','16:00:00','17:30:00'),(455,111113,4,12,'2021-12-13','18:30:00','20:30:00'),(456,111144,4,9,'2021-12-14','10:00:00','12:00:00'),(457,111174,4,13,'2021-12-14','12:30:00','15:00:00'),(458,111131,4,10,'2021-12-14','16:30:00','18:30:00'),(459,111112,4,12,'2021-12-14','18:30:00','20:30:00'),(460,111163,4,9,'2021-12-15','10:00:00','12:00:00'),(461,111173,4,13,'2021-12-15','12:30:00','15:00:00'),(462,111111,4,10,'2021-12-15','15:30:00','17:30:00'),(463,111121,4,12,'2021-12-15','18:30:00','20:30:00'),(464,211111,5,20,'2021-12-06','10:00:00','12:30:00'),(465,211121,5,20,'2021-12-06','13:30:00','16:00:00'),(466,211131,5,20,'2021-12-06','16:30:00','19:00:00'),(467,211112,5,20,'2021-12-07','10:30:00','13:00:00'),(468,211132,5,20,'2021-12-07','17:00:00','19:30:00'),(469,211113,5,20,'2021-12-08','10:00:00','12:30:00'),(470,211123,5,20,'2021-12-08','14:00:00','16:30:00'),(471,211133,5,20,'2021-12-08','17:00:00','19:30:00'),(472,211111,5,20,'2021-12-09','10:00:00','12:30:00'),(473,211121,5,20,'2021-12-09','13:30:00','16:00:00'),(474,211131,5,20,'2021-12-09','16:30:00','19:00:00'),(475,211112,5,20,'2021-12-10','10:30:00','13:00:00'),(476,211132,5,20,'2021-12-10','17:00:00','19:30:00'),(477,211111,5,20,'2021-12-13','10:00:00','12:30:00'),(478,211121,5,20,'2021-12-13','13:30:00','16:00:00'),(479,211131,5,20,'2021-12-13','16:30:00','19:00:00'),(480,211112,5,20,'2021-12-14','10:30:00','13:00:00'),(481,211132,5,20,'2021-12-14','17:00:00','19:30:00'),(482,211113,5,20,'2021-12-15','10:00:00','12:30:00'),(483,211123,5,20,'2021-12-15','14:00:00','16:30:00'),(484,211133,5,20,'2021-12-15','17:00:00','19:30:00'),(485,211141,6,20,'2021-12-06','10:30:00','13:00:00'),(486,211151,6,20,'2021-12-06','13:30:00','16:00:00'),(487,211161,6,20,'2021-12-06','18:30:00','21:00:00'),(488,211142,6,20,'2021-12-07','11:00:00','13:30:00'),(489,211152,6,20,'2021-12-07','13:30:00','16:00:00'),(490,211162,6,20,'2021-12-07','17:30:00','20:00:00'),(491,211143,6,20,'2021-12-08','10:00:00','12:30:00'),(492,211153,6,20,'2021-12-08','15:00:00','17:30:00'),(493,211163,6,20,'2021-12-08','17:30:00','20:00:00'),(494,211141,6,20,'2021-12-09','10:30:00','13:00:00'),(495,211151,6,20,'2021-12-09','13:30:00','16:00:00'),(496,211161,6,20,'2021-12-09','18:30:00','21:00:00'),(497,211142,6,20,'2021-12-10','11:00:00','13:30:00'),(498,211152,6,20,'2021-12-10','13:30:00','16:00:00'),(499,211162,6,20,'2021-12-10','17:30:00','20:00:00'),(500,211141,6,20,'2021-12-13','10:30:00','13:00:00'),(501,211151,6,20,'2021-12-13','13:30:00','16:00:00'),(502,211161,6,20,'2021-12-13','18:30:00','21:00:00'),(503,211142,6,20,'2021-12-14','11:00:00','13:30:00'),(504,211152,6,20,'2021-12-14','13:30:00','16:00:00'),(505,211162,6,20,'2021-12-14','17:30:00','20:00:00'),(506,211143,6,20,'2021-12-15','10:00:00','12:30:00'),(507,211153,6,20,'2021-12-15','15:00:00','17:30:00'),(508,211163,6,20,'2021-12-15','17:30:00','20:00:00'),(509,311111,7,14,'2021-12-09','10:00:00','11:00:00'),(510,311112,7,14,'2021-12-09','12:00:00','13:00:00'),(511,311113,7,14,'2021-12-09','14:30:00','15:30:00'),(512,311114,7,15,'2021-12-09','16:30:00','18:00:00'),(513,311115,7,15,'2021-12-09','18:30:00','20:00:00'),(514,311121,7,14,'2021-12-10','10:30:00','11:30:00'),(515,311123,7,14,'2021-12-10','13:30:00','14:30:00'),(516,311124,7,15,'2021-12-10','15:30:00','17:00:00'),(517,311125,7,15,'2021-12-10','17:30:00','19:00:00'),(518,311111,7,14,'2021-12-13','10:00:00','11:00:00'),(519,311112,7,14,'2021-12-13','12:00:00','13:00:00'),(520,311113,7,14,'2021-12-13','14:30:00','15:30:00'),(521,311114,7,15,'2021-12-13','16:30:00','18:00:00'),(522,311115,7,15,'2021-12-13','18:30:00','20:00:00'),(523,311121,7,14,'2021-12-14','10:30:00','11:30:00'),(524,311123,7,14,'2021-12-14','13:30:00','14:30:00'),(525,311124,7,15,'2021-12-14','15:30:00','17:00:00'),(526,311125,7,15,'2021-12-14','17:30:00','19:00:00'),(527,311131,7,14,'2021-12-15','10:30:00','12:00:00'),(528,311132,7,14,'2021-12-15','12:30:00','13:30:00'),(529,311133,7,14,'2021-12-15','14:00:00','15:30:00'),(530,311134,7,15,'2021-12-15','17:00:00','18:30:00'),(531,311135,7,15,'2021-12-15','19:30:00','21:00:00'),(532,311141,8,14,'2021-12-06','10:00:00','11:00:00'),(533,311142,8,14,'2021-12-06','12:00:00','13:00:00'),(534,311143,8,14,'2021-12-06','14:30:00','15:30:00'),(535,311144,8,15,'2021-12-06','16:30:00','18:00:00'),(536,311145,8,15,'2021-12-06','18:30:00','20:00:00'),(537,311151,8,14,'2021-12-09','10:30:00','11:30:00'),(538,311153,8,14,'2021-12-09','13:30:00','14:30:00'),(539,311154,8,15,'2021-12-09','15:30:00','17:00:00'),(540,311155,8,15,'2021-12-09','17:30:00','19:00:00'),(541,311161,8,14,'2021-12-10','10:30:00','12:00:00'),(542,311162,8,14,'2021-12-10','12:30:00','13:30:00'),(543,311163,8,14,'2021-12-10','14:00:00','15:30:00'),(544,311164,8,15,'2021-12-10','17:00:00','18:00:00'),(545,311141,8,14,'2021-12-13','10:00:00','11:00:00'),(546,311142,8,14,'2021-12-13','12:00:00','13:00:00'),(547,311143,8,14,'2021-12-13','14:30:00','15:30:00'),(548,311144,8,15,'2021-12-13','16:30:00','18:00:00'),(549,311145,8,15,'2021-12-13','18:30:00','20:00:00'),(550,311151,8,14,'2021-12-14','10:30:00','11:30:00'),(551,311153,8,14,'2021-12-14','13:30:00','14:30:00'),(552,311154,8,15,'2021-12-14','15:30:00','17:00:00'),(553,311155,8,15,'2021-12-14','17:30:00','19:00:00'),(571,411111,9,17,'2021-12-06','10:00:00','11:30:00'),(572,411112,9,17,'2021-12-06','12:30:00','14:00:00'),(573,411113,9,18,'2021-12-06','14:30:00','15:30:00'),(574,411114,9,17,'2021-12-06','16:00:00','17:30:00'),(575,411115,9,17,'2021-12-06','19:00:00','20:30:00'),(576,411121,9,17,'2021-12-09','10:30:00','12:00:00'),(577,411122,9,17,'2021-12-09','13:30:00','15:00:00'),(578,411123,9,18,'2021-12-09','15:00:00','16:00:00'),(579,411124,9,18,'2021-12-09','16:00:00','17:00:00'),(580,411125,9,17,'2021-12-09','18:30:00','20:00:00'),(581,411126,9,18,'2021-12-09','20:00:00','21:00:00'),(582,411131,9,17,'2021-12-10','10:30:00','11:30:00'),(583,411132,9,18,'2021-12-10','12:00:00','13:00:00'),(584,411133,9,17,'2021-12-10','13:00:00','14:30:00'),(585,411134,9,17,'2021-12-10','16:00:00','17:30:00'),(586,411135,9,18,'2021-12-10','17:30:00','18:30:00'),(587,411136,9,17,'2021-12-10','19:00:00','20:30:00'),(588,411111,9,17,'2021-12-13','10:00:00','11:30:00'),(589,411112,9,17,'2021-12-13','12:30:00','14:00:00'),(590,411113,9,18,'2021-12-13','14:30:00','15:30:00'),(591,411114,9,17,'2021-12-13','16:00:00','17:30:00'),(592,411115,9,17,'2021-12-13','19:00:00','20:30:00'),(593,411121,9,17,'2021-12-14','10:30:00','12:00:00'),(594,411122,9,17,'2021-12-14','13:30:00','15:00:00'),(595,411123,9,18,'2021-12-14','15:00:00','16:00:00'),(596,411124,9,18,'2021-12-14','16:00:00','17:00:00'),(597,411125,9,17,'2021-12-14','18:30:00','20:00:00'),(598,411126,9,18,'2021-12-14','20:00:00','21:00:00'),(599,411141,10,17,'2021-12-06','10:00:00','11:30:00'),(600,411142,10,17,'2021-12-06','12:00:00','13:30:00'),(601,411143,10,18,'2021-12-06','14:30:00','15:30:00'),(602,411144,10,17,'2021-12-06','16:00:00','17:30:00'),(603,411145,10,17,'2021-12-06','19:00:00','20:30:00'),(604,411151,10,17,'2021-12-09','10:00:00','11:00:00'),(605,411152,10,18,'2021-12-09','12:00:00','13:00:00'),(606,411153,10,17,'2021-12-09','13:30:00','15:00:00'),(607,411154,10,18,'2021-12-09','15:00:00','16:00:00'),(608,411155,10,18,'2021-12-09','17:30:00','18:30:00'),(609,411156,10,18,'2021-12-09','19:00:00','20:00:00'),(610,411161,10,17,'2021-12-10','10:30:00','12:00:00'),(611,411162,10,18,'2021-12-10','12:00:00','13:00:00'),(612,411163,10,17,'2021-12-10','14:30:00','16:00:00'),(613,411164,10,18,'2021-12-10','16:00:00','17:00:00'),(614,411165,10,17,'2021-12-10','17:30:00','18:30:00'),(615,411166,10,18,'2021-12-10','20:00:00','21:00:00'),(616,411141,10,17,'2021-12-13','10:00:00','11:30:00'),(617,411142,10,17,'2021-12-13','12:00:00','13:30:00'),(618,411143,10,18,'2021-12-13','14:30:00','15:30:00'),(619,411144,10,17,'2021-12-13','16:00:00','17:30:00'),(620,411145,10,17,'2021-12-13','19:00:00','20:30:00'),(621,411151,10,17,'2021-12-14','10:00:00','11:00:00'),(622,411152,10,18,'2021-12-14','12:00:00','13:00:00'),(623,411153,10,17,'2021-12-14','13:30:00','15:00:00'),(624,411154,10,18,'2021-12-14','15:00:00','16:00:00'),(625,411155,10,18,'2021-12-14','17:30:00','18:30:00'),(626,411156,10,18,'2021-12-14','19:00:00','20:00:00'),(627,511141,11,17,'2021-12-06','10:00:00','11:30:00'),(628,511142,11,17,'2021-12-06','12:00:00','13:30:00'),(629,511143,11,18,'2021-12-06','14:30:00','15:30:00'),(630,511144,11,17,'2021-12-06','16:00:00','17:30:00'),(631,511145,11,17,'2021-12-06','19:00:00','20:30:00'),(632,511151,11,17,'2021-12-09','10:00:00','11:00:00'),(633,511152,11,18,'2021-12-09','12:00:00','13:00:00'),(634,511153,11,17,'2021-12-09','13:30:00','15:00:00'),(635,511154,11,18,'2021-12-09','15:00:00','16:00:00'),(636,511155,11,18,'2021-12-09','17:30:00','18:30:00'),(637,511156,11,18,'2021-12-09','19:00:00','20:00:00'),(638,511161,11,17,'2021-12-10','10:30:00','12:00:00'),(639,511162,11,18,'2021-12-10','12:00:00','13:00:00'),(640,511163,11,17,'2021-12-10','14:30:00','16:00:00'),(641,511164,11,18,'2021-12-10','16:00:00','17:00:00'),(642,511165,11,17,'2021-12-10','17:30:00','18:30:00'),(643,511166,11,18,'2021-12-10','20:00:00','21:00:00'),(644,511141,11,17,'2021-12-13','10:00:00','11:30:00'),(645,511142,11,17,'2021-12-13','12:00:00','13:30:00'),(646,511143,11,18,'2021-12-13','14:30:00','15:30:00'),(647,511144,11,17,'2021-12-13','16:00:00','17:30:00'),(648,511145,11,17,'2021-12-13','19:00:00','20:30:00'),(649,511151,11,17,'2021-12-14','10:00:00','11:00:00'),(650,511152,11,18,'2021-12-14','12:00:00','13:00:00'),(651,511153,11,17,'2021-12-14','13:30:00','15:00:00'),(652,511154,11,18,'2021-12-14','15:00:00','16:00:00'),(653,511155,11,18,'2021-12-14','17:30:00','18:30:00'),(654,511156,11,18,'2021-12-14','19:00:00','20:00:00'),(655,711111,14,4,'2021-12-06','10:00:00','11:30:00'),(656,711112,14,4,'2021-12-06','12:00:00','13:30:00'),(657,711113,14,2,'2021-12-06','14:30:00','21:00:00'),(658,711114,14,4,'2021-12-06','18:00:00','19:30:00'),(659,711121,14,5,'2021-12-09','10:00:00','12:30:00'),(660,711122,14,2,'2021-12-09','13:30:00','14:30:00'),(661,711123,14,4,'2021-12-09','16:30:00','18:00:00'),(662,711131,14,6,'2021-12-10','10:00:00','12:30:00'),(663,711132,14,2,'2021-12-10','13:00:00','14:00:00'),(664,711133,14,6,'2021-12-10','15:30:00','18:00:00'),(665,711134,14,4,'2021-12-10','19:30:00','21:00:00'),(666,711111,14,4,'2021-12-13','10:00:00','11:30:00'),(667,711112,14,4,'2021-12-13','12:00:00','13:30:00'),(668,711113,14,2,'2021-12-13','14:30:00','21:00:00'),(669,711114,14,4,'2021-12-13','18:00:00','19:30:00'),(670,711121,14,5,'2021-12-14','10:00:00','12:30:00'),(671,711122,14,2,'2021-12-14','13:30:00','14:30:00'),(672,711123,14,4,'2021-12-14','16:30:00','18:00:00'),(673,611111,13,4,'2021-12-06','10:00:00','11:30:00'),(674,611112,13,4,'2021-12-06','12:00:00','13:30:00'),(675,611113,13,2,'2021-12-06','14:30:00','21:00:00'),(676,611114,13,4,'2021-12-06','18:00:00','19:30:00'),(677,611121,13,5,'2021-12-09','10:00:00','12:30:00'),(678,611122,13,2,'2021-12-09','13:30:00','14:30:00'),(679,611123,13,4,'2021-12-09','16:30:00','18:00:00'),(680,611131,13,6,'2021-12-10','10:00:00','12:30:00'),(681,611132,13,2,'2021-12-10','13:00:00','14:00:00'),(682,611133,13,6,'2021-12-10','15:30:00','18:00:00'),(683,611134,13,4,'2021-12-10','19:30:00','21:00:00'),(684,611111,13,4,'2021-12-13','10:00:00','11:30:00'),(685,611112,13,4,'2021-12-13','12:00:00','13:30:00'),(686,611113,13,2,'2021-12-13','14:30:00','21:00:00'),(687,611114,13,4,'2021-12-13','18:00:00','19:30:00'),(688,611121,13,5,'2021-12-14','10:00:00','12:30:00'),(689,611122,13,2,'2021-12-14','13:30:00','14:30:00'),(690,611123,13,4,'2021-12-14','16:30:00','18:00:00'),(691,511111,12,4,'2021-12-06','10:00:00','11:30:00'),(692,511112,12,4,'2021-12-06','12:00:00','13:30:00'),(693,511113,12,2,'2021-12-06','14:30:00','21:00:00'),(694,511114,12,4,'2021-12-06','18:00:00','19:30:00'),(695,511121,12,5,'2021-12-09','10:00:00','12:30:00'),(696,511122,12,2,'2021-12-09','13:30:00','14:30:00'),(697,511123,12,4,'2021-12-09','16:30:00','18:00:00'),(698,511131,12,6,'2021-12-10','10:00:00','12:30:00'),(699,511132,12,2,'2021-12-10','13:00:00','14:00:00'),(700,511133,12,6,'2021-12-10','15:30:00','18:00:00'),(701,511134,12,4,'2021-12-10','19:30:00','21:00:00'),(702,511111,12,4,'2021-12-13','10:00:00','11:30:00'),(703,511112,12,4,'2021-12-13','12:00:00','13:30:00'),(704,511113,12,2,'2021-12-13','14:30:00','21:00:00'),(705,511114,12,4,'2021-12-13','18:00:00','19:30:00'),(706,511121,12,5,'2021-12-14','10:00:00','12:30:00'),(707,511122,12,2,'2021-12-14','13:30:00','14:30:00'),(708,511123,12,4,'2021-12-14','16:30:00','18:00:00');
/*!40000 ALTER TABLE `record` ENABLE KEYS */;
UNLOCK TABLES;

--
-- Table structure for table `service`
--

DROP TABLE IF EXISTS `service`;
/*!40101 SET @saved_cs_client     = @@character_set_client */;
/*!50503 SET character_set_client = utf8mb4 */;
CREATE TABLE `service` (
  `id` int NOT NULL AUTO_INCREMENT,
  `serviceName` varchar(100) DEFAULT NULL,
  `serviceTime` time DEFAULT NULL,
  `priceTop` int DEFAULT NULL,
  `price` int DEFAULT NULL,
  PRIMARY KEY (`id`)
) ENGINE=InnoDB AUTO_INCREMENT=21 DEFAULT CHARSET=utf8mb4 COLLATE=utf8mb4_0900_ai_ci;
/*!40101 SET character_set_client = @saved_cs_client */;

--
-- Dumping data for table `service`
--

LOCK TABLES `service` WRITE;
/*!40000 ALTER TABLE `service` DISABLE KEYS */;
INSERT INTO `service` VALUES (1,'Стрижка обычная','00:30:00',1000,600),(2,'Стрижка обычная комплексная (мытье головы, укладка)','01:00:00',1200,800),(3,'Стрижка модельная','01:00:00',1500,1000),(4,'Стрижка модельная комплексная (мытье головы, укладка)','01:30:00',1800,1200),(5,'Окрашивание обычное','01:30:00',2000,1200),(6,'Окрашивание сложное','02:30:00',3500,2000),(7,'Уход для волос','01:30:00',2000,1500),(8,'Маникюр (однотонное покрытие)','01:30:00',1200,1000),(9,'Маникюр + дизайн/стразы/блестки','02:00:00',1800,1500),(10,'SPA Маникюр (однотонное покрытие + уход + массаж)','02:00:00',1900,1600),(11,'Педикюр классический','01:30:00',1200,1000),(12,'Педикюр комплексный (обработка стоп)','02:00:00',1800,1500),(13,'SPA Педикюр (комплексный + уход + массаж)','02:30:00',2200,1800),(14,'Макияж обычный','01:00:00',1000,800),(15,'Макияж праздничный/вечерний','01:30:00',1300,1100),(16,'Массаж лица','00:30:00',1000,800),(17,'Массаж тела','01:30:00',2000,1800),(18,'Массаж спины','01:00:00',1300,1000),(19,'Массаж головы','00:30:00',1000,800),(20,'Наращивание ресниц','02:30:00',2500,1900);
/*!40000 ALTER TABLE `service` ENABLE KEYS */;
UNLOCK TABLES;
/*!40103 SET TIME_ZONE=@OLD_TIME_ZONE */;

/*!40101 SET SQL_MODE=@OLD_SQL_MODE */;
/*!40014 SET FOREIGN_KEY_CHECKS=@OLD_FOREIGN_KEY_CHECKS */;
/*!40014 SET UNIQUE_CHECKS=@OLD_UNIQUE_CHECKS */;
/*!40101 SET CHARACTER_SET_CLIENT=@OLD_CHARACTER_SET_CLIENT */;
/*!40101 SET CHARACTER_SET_RESULTS=@OLD_CHARACTER_SET_RESULTS */;
/*!40101 SET COLLATION_CONNECTION=@OLD_COLLATION_CONNECTION */;
/*!40111 SET SQL_NOTES=@OLD_SQL_NOTES */;

-- Dump completed on 2021-12-06  7:13:23
